{"cameraMode":{"drawMode":0,"name":"Shaded","section":"Shading Mode"},"sceneLighting":true,"audioPlay":false,"sceneViewState":{"showFog":true,"showMaterialUpdate":false,"showSkybox":true,"showFlares":true,"showImageEffects":true,"showParticleSystems":true,"showVisualEffectGraphs":true,"m_FxEnabled":true},"in2DMode":false,"pivot":{"x":183.7454376220703,"y":150.5062255859375,"z":-231.84744262695313},"rotation":{"x":0.028183242306113244,"y":-0.015895921736955644,"z":-0.0004479455528780818,"w":-0.9994778037071228},"size":344.43023681640627,"orthographic":false}